5765378903,小羊爱吃酱肘子,女,其他
5765378903,小羊爱吃酱肘子,女,其他
1891427492,话家沙鸥女士,女,四川 成都
1813447542,Jimmy_says,女,其他
1650246564,学徒王自健,男,北京 海淀区
5765378903,小羊爱吃酱肘子,女,其他
5522196110,邮见棉棉书,女,福建 厦门
3002153043,是贝塔呀-,女,湖南 长沙
6037556815,睡不醒的小Ann,女,其他
5379433588,fengfengeye,女,江苏 南京
2632818541,Dogtor_Sun,女,香港
3079098263,LO_Ofyj,女,上海
1630353687,hjaksyslyghdx2,女,海南
2142288425,香煎拉拉肥,女,海外
7523020718,爷就是这样的小可爱,男,北京
5834024531,红豆味鲷鱼烧,女,海外
1723261380,大绵羊BOBO,男,山东 青岛
1728438102,DreamMelody-,女,其他
5824159906,泡泡可以,女,广东 深圳
5765378903,小羊爱吃酱肘子,女,其他
6048209351,我想叫Seesea,女,江苏 苏州
6276549459,王二喜sunny,女,宁夏 石嘴山
7036451196,彬彬子0619,女,湖南 长沙
1370523401,天天_1990_,男,其他
5313079098,今天的我开心了吗-,女,辽宁 沈阳
7325031678,2Late,女,陕西 西安
6228237136,Ching_xx,女,河南 开封
1881310900,16号月亮便利店,女,广东 广州
3969567738,喝一杯卡布奇诺吧,男,山东 济南
2342043512,·犭苗·,女,其他
5992809925,林季子割我喉,男,浙江 湖州
5514859611,黑头发老爷爷,男,其他
1071184942,不想取名字的WWW,女,四川 成都
3003252771,-迈麦子,女,黑龙江
3276004004,似无无梦爱旺仔牛奶,女,四川 成都
3199306715,七月的海和三号的树,女,江苏 无锡
1262884685,你那二尺一大脸,女,广东 深圳
2808413210,无糖甜饼酥,女,其他
3767971991,你是土豆还是藕,女,广西 桂林
7424025912,猫和老鼠超有爱,男,北京
7419400522,魔法口袋中的ipad,男,其他
2002644283,多多啵啵酱,女,浙江
5253817976,Sakata,女,黑龙江
5469105494,83-19,女,甘肃 兰州
5314161657,简爱yqw,女,陕西
1890997353,上等小仙女,女,浙江 杭州
5590048746,一片冰心在玉鹅,女,其他
6489862020,奶酪条和椰子还有大乌苏,女,陕西 西安
6607204590,-365个夏天-,女,其他
6281459045,超级大如意,女,河南
5192545147,Chillaxsworld,女,其他
1779941275,inpeaya,女,福建 漳州
7384425588,岩盐芝士三分糖去冰加珍珠,女,其他
2615658850,雪雪雪碧呀QuQ,女,其他
6070951375,一只日朋,女,海外
3922156685,是珂不是柯啦,女,海外 马耳他
5230991339,你看我老实巴交,女,黑龙江 哈尔滨
7419399503,咖喱牛肉土豆粉,男,山西
7225710905,是一颗鸡蛋仔,女,浙江
5708007053,神奇的温州树叶,女,其他
2815653463,我個仆街,女,其他
2184496467,椰子味的鲸鱼,女,其他
3204926124,起什么名能搜到我,男,其他
1677642815,aeonothing,女,海外
1890758014,米米酱爱吃爱健身,女,广东 广州
5170242965,我要做个小富婆-,女,海外
2359505237,海贼王Yyyyy,女,其他
6443089939,沫沫明年不想考试了,女,其他
5120728788,Dbehdvdjnej,女,其他
2496880643,LostInNewWave,女,湖北 武汉
2369951140,净淘红粒罯香饭,女,山东 滨州
6367267289,转眼间已如烟,男,海外 其他
2250582460,过这村没这店老板娘,女,海外 加拿大
2449644570,立青里立,女,海外 其他
5519363548,伞角函兽,女,北京
2898008107,阿ko饿了就生气,女,四川 成都
5032079331,唉今天又吃撑了,女,其他
2009863481,啊锥不是AJ,女,海外 其他
5295090302,HeyJennifer,女,其他
5315243445,Sun异能,女,海外
2651548195,蔓蔓酱咯,女,其他
2942629690,遇见小六又一天,女,江苏
1844508793,焦米日记v,女,北京 朝阳区
5690865841,蹦哩个嘀哩哒啦,女,广东 广州
2771950295,今天减肥吗没有,女,海外
5548780416,放学后是idol,女,北京
2283932322,李十七Cherry,女,海外
1957044645,o0Olafur,女,福建
2568181327,璇不二子_,女,海外 其他
5878418202,陪你火热,女,海外
3894722364,Wwwwwwander,女,浙江 嘉兴
3650862403,性感的智慧发光体,女,其他
5313662367,一个梨y,女,其他
2345627172,OrangeVenus,男,其他
1781904235,晴晴晴晴晴空酱,女,北京
5513812421,九酿小张,女,北京
5568244832,躲进月光里被浸没,女,广东
5343752598,168的大高个,女,其他
1780162354,OoNnn1,女,浙江 金华
1927626832,BB_awszUU,女,江苏 南京
6133802950,专气致柔BOY,男,其他
2852526622,没有,男,其他
2813068797,是开心的宋宋吖,女,其他
5105783557,花痴本妹,女,其他
5129169206,cris罗二二,女,北京
2878953831,是草莓味哈,女,天津 北辰区
5456071544,宁宁BINGF,女,其他
1827187960,陆生于_,女,其他
1651993831,陈伟霆大大老婆,女,上海 闵行区
2421506494,a仓鼠妹,女,广东
2502581227,做一只开心的阳,女,四川 成都
2396392155,yoyi_soleil,女,贵州 黔东南
6142730816,一颗小板栗吖o,女,江苏
5797987909,我和我的影子散步-,女,安徽 滁州
5281237170,_janezzz_,女,上海
5933894339,过宝宝宝宝宝,女,江苏 无锡
3187697011,only-snow-self,女,江苏 扬州
6404514306,我愿称之为永远的单身战士,女,其他
1797370463,MywINNErbeAR,女,湖北 武汉
6284299725,狂狂人日记,男,其他
5038417550,阿帆aFan_,女,其他
5406431538,Florencezz,女,海外
2977914764,你的温柔像羽毛Baby,女,广东
2261766903,陈晓宽,男,广西
1566950233,cradleeeee,女,四川
2771950295,今天减肥吗没有,女,海外
3987164235,林梓梓梓梓梓梓梓,女,江西
6180392170,一个夏天的美梦,女,海外 奥地利
5163401784,被迫营业ing-,女,其他
5647341606,咖喱蟹仔仔,男,广东 深圳
3134588263,烤肉要蘸酱_,男,上海
6553397771,叻啊啦的啦,女,其他
2629538153,去吃一碗五谷渔粉,女,广东
1817259660,甜甜小汤圆V,女,广东 珠海
5013996844,小王梓梓梓梓梓,女,内蒙古
3649234003,造好夢,女,上海
5819537631,新想事成小猪宝,女,浙江
5648213995,迷糊长长什么时候能不迷糊,女,山东 潍坊
2172629087,阿诚柏海哥的小妹妹,女,北京 崇文区
3558253121,第一支利多卡因,男,江西
2599469017,小周今天喝多了吗_,女,北京
2057558797,msdzd_,女,辽宁 大连
5370913124,今天好好刷牙没,女,江苏
5690867738,苏馨,女,四川 成都
2795826333,布丁奶茶去冰三分糖,女,天津
5320798088,大吉大利红红,女,北京 朝阳区
5763256093,喝蓝瓶的养乐多,男,内蒙古 通辽
6573401926,是猫小印呐,女,其他
5235231261,哩唧璇同学,女,广西
1961999691,王小满岁岁平安,女,河南 郑州
3860806398,杜元宝r,女,海外
2151662640,爱笑的酷盖儿,女,浙江 温州
6784198645,理气,女,其他
1745374920,真不是小仙女,女,北京 朝阳区
7472336985,紫丝带妈妈官方微博,女,北京
1038337753,么么哒二锅头,男,四川 雅安
1786653501,程阅川,男,上海 静安区
2708027871,Fre_eya_aisy,女,安徽 合肥
5243750620,我说少吃糖_,女,北京
2640357283,雅米520,女,黑龙江 哈尔滨
1661540002,小顽童鸭,女,其他
2327744053,核桃壳和拇指姑娘,女,黑龙江 哈尔滨
5619669333,什么昵称才能符合我的气质呢,男,其他
5389180399,繁花似锦之洋,男,福建 漳州
6569589642,孙悟熏V,男,天津
6411906523,刘财务长圈养的猪,女,其他
2947631751,黄大懒儿,女,广西 百色
3868958090,布丁核桃茶,女,吉林 长春
7563454868,寻找黑色信封,女,其他
6194330014,小小墨呀-,女,其他
5323830320,Olivia-Benson,女,海外
2179847687,符朵拉,女,广东 深圳
5314492970,每天八桶水people,女,其他
1924306817,冰冰反过来念还是冰冰,女,重庆
5384883958,-染赤樱,女,江西
5194215084,Way_毛毛,男,江苏
1750533891,冷小燏,女,海外 爱沙尼亚
5505061373,小不点儿儿,女,其他
2178094780,兔牙有两个,女,海外
7217425620,嗷嗷乱嘻嘻,女,广东
3172822512,关爱缺心眼仁仁有责,女,海外 比利时
5065934794,七宝琉璃宗宁荣荣,女,山东 潍坊
5181324888,日弥董事安琪,女,河南 郑州
5573374232,邢昭林的小铃铛梦梦,女,广东 深圳
2305647314,行走的小麻袋,女,海外 法国
6475619352,钱哆哆_cc,女,海外
7079576145,智取三木木,女,海外
5496909486,阿阳从不吃香菜,女,北京 东城区
7608009577,春色花店-,男,其他
5684786565,-偏要吃兔兔-,女,其他
5713771631,--栗子張v,女,山东 烟台
5271830177,倾繁鹿,女,广东 阳江
5447792308,星倩_star,女,上海
5596320674,好有趣一人kkk,女,海外
1800143067,朹酒,女,北京 朝阳区
7197073731,暮阳_002,男,其他
5628168963,迦玄夜,女,其他
1891166905,Caroline-岑小北,男,北京 东城区
5683080017,karry浪,女,福建 厦门
7455906321,奶思籽籽,女,其他
2641669260,守护最好的文咏珊,女,广东 广州
2310324377,曹小啦啦啦啦,女,广东 珠海
1757072807,sysisb-lmx,女,广东 潮州
1834801285,大哥love小妹,女,天津 塘沽区
2781285475,相国大人的铁粉,女,北京
1608324675,是HH还是JJ,女,海外 马耳他
5904681453,专宠黄子韬,女,浙江 金华
3987217424,Andeve-,女,其他
7222374727,游戏开始没,男,山西 大同
7294693230,老鼠最爱甜甜圈,女,其他
6519814263,多肉味旺仔牛奶,女,上海 浦东新区
7323682109,它们到底在干嘛,男,山西
6084269645,猕猴桃小猪崽,女,浙江
5261619422,热熔岩s_,女,海外
2601443037,你的头上月明星稀,女,四川
7420098301,七七七七草莓,女,山西
2002830351,Celeste--樱,女,宁夏 银川
5283080172,下山崩塌,男,其他
5724544869,天边一片云彩h,男,其他
5014820632,小景香菇,女,江苏 镇江
5705003431,就是不想理你呀,女,天津
5605107707,菇娘994,女,贵州 贵阳
2970987320,JENNER8_,女,其他
1793757283,月半豆儿YoYo,女,北京
3779525420,小Z_ww,男,其他
3610671883,睡着的大笨钟_,男,安徽 合肥
2882446072,摸魚靚仔,男,广东 广州
5460458405,wink_我也不会,女,河南
3637145623,兜不住馅的蟹粉小笼包,女,广东 深圳
5827540313,小岑姑娘的小赵大夫,男,其他
1868354137,比萨斜躺,女,北京
1868354137,比萨斜躺,女,北京
1761522600,Z大xin好运顺利大吉大利,女,福建 厦门
2657202501,云芝多糖,女,云南
2086106125,阿拉巴拉II,女,河南 郑州
1747183053,不听摇滚的我,女,上海 闵行区
5383092790,依崽漂流日记1,女,河南 郑州
1978199447,蹦猪Zzz,女,海外 其他
2802515564,周一的清晨还下着雨_,女,湖北
2802515564,周一的清晨还下着雨_,女,湖北
3194033964,俞彬今天染了个头,女,其他
7304542720,金俊勉线下女友不再低调,女,湖南
1844871507,一只特立独行的猪via,女,其他
5451022306,李永欣de,男,浙江 杭州
2716725983,Suekiee,女,浙江 金华
2589839227,五迷一枚丶,男,辽宁 沈阳
2381658192,叫我喜宝就可以了,女,云南
2305034624,酒酿桃桃-,女,福建 厦门
5668280427,深归xy,女,浙江
1087593422,可有可无的网友加菲,男,北京
3092097495,那我就乖点吧,女,广东 广州
5723630515,ym满是遗憾,女,河南
5723630515,ym满是遗憾,女,河南
5730787386,一小份羊羹,女,山东
3223718307,王先森爱跑步,男,其他
5891270179,玲原水子,女,北京
6505827629,沐阿w,男,海外
2671920214,长蘑菇的龙小珞,女,上海 嘉定区
5515164471,conan-66,女,其他
6067915006,寿命超级加倍,男,河南 焦作
2189455170,漪饲狼,女,江苏 常州
7485789621,马曼琳真棒,男,其他
1981884905,阿阿阿吖-波啵,女,云南 昭通
5289389004,木木Rum,男,福建 龙岩
2407424010,-ShinC,男,广东
5709849253,数羊时间到1,女,其他
3893433316,沉默是今晚的景山公园,女,北京
6284954267,菜菜酱YB_,女,河北
5167856244,一只6饭团,女,河北 廊坊
2638929792,文迪的秘密基地,女,山东 烟台
3935988585,魏花花的小跟班,男,江苏 苏州
1760708741,点不小-,女,山西
5170594700,Strongsurge-,女,山东
6179521196,吃货木又权,女,陕西
3083397391,皮卡皮卡soso,男,其他
2294750614,想早点下班不爱开会,女,河南 许昌
2704583030,狗狗狗狗闻嘘,女,安徽 宣城
2653211874,破产加班狗的生活琐事,女,北京 海淀区
6129345528,苗苗mi,女,其他
5515743200,yzz_77,女,海外
6815824036,理智陈姑娘,女,云南 曲靖
6833637536,11Grace06,女,山东 青岛
6839202912,普通月光,女,上海
6839202912,普通月光,女,上海
5241312308,可乐熊猫_,男,黑龙江 大庆
1821207973,诶母糯特裤,女,上海 浦东新区
2076879461,心禾水一,男,内蒙古
2657086021,白水煮_一切,女,其他
5239355987,怎么那么爱吃肉啊,女,河南 商丘
3899579424,贝克街221B的保姆,女,四川
3899579424,贝克街221B的保姆,女,四川
6568023901,小锁头儿是金的,男,辽宁
1715709067,没有,男,其他
3457535802,A肀erobics-西西,女,吉林
6294206003,斯齐哒哒蹦,女,湖南 长沙
6661749308,-画里晴空-,女,北京
2255350905,babettxxx,女,广东 江门
5977661510,是鱼贝贝呀,女,广东 广州
5254098202,八荒六合萌狐狸,女,其他
3930705705,Lllllliuhy,女,江苏 扬州
5806530931,·Iamrains,女,其他
3929384868,meteorhhhh,男,浙江
7199343055,可可可不可爱哦,男,浙江
7524979799,三尖基连,女,北京 东城区
6262638773,今夜一起看海么,女,辽宁
6325658196,1二3四5詹姆斯打老虎,男,江苏 苏州
1785790394,悠美拾梦,女,海外 美国
2176181730,特嗯蓉,女,海外 印度
5637718406,长泽雅楠,女,四川
2714407890,市民黄小姐,女,四川 成都
1863890605,嘉宾呢,男,广东 肇庆
3961272483,消费主义逆行者,男,其他
1863890605,嘉宾呢,男,广东 肇庆
3120411150,xdjtykx,女,其他
7005602219,人鱼幽幽Roy,女,其他
2567098377,狐不悔-,女,其他
7108374241,爱打篮球的静广姗,女,其他
2704659971,想回到从前的样子,男,广西 百色
1767918295,Haroobomi_21,女,海外
5419097725,呀我这个美少女,女,其他
1426892857,鹏鹏best68,男,四川 成都
6223735402,11_Youni和邓邓_djh,女,湖北 武汉
5317799574,刘拉面ovo,女,四川 南充
5608469732,-日落时悸动-,女,安徽 合肥
2176545525,hhyesunn,女,海外
2176545525,hhyesunn,女,海外
6453361607,-YOUGUN-,女,其他
7042038739,XXXISC,女,其他
6400319399,姜氏炒个饭饭,女,海外
2652423502,想啥来啥CY,女,其他
1845241971,神经漫游海,男,安徽 合肥
3149279357,倒霉熊娃哈哈,男,重庆 万州区
1600367793,凯撒大帝不是沙拉,女,海外 俄罗斯
1807828407,侯思含的围脖Jia,女,天津 河西区
1566782535,你咋不尚天呢-SKT,男,河北 保定
7359490117,汪汪先生的喵喵,男,海外 法国
5520227207,暴躁猪屁,男,云南
2831124521,halo无敌陳可愛,女,云南
3740398582,CJ晨嘉,女,北京 朝阳区
6179701683,听枫凝萱,女,其他
2292088187,苏格拉bottom,女,北京 房山区
3518236741,酣月初六,男,海外 其他
2615418567,奇妙Thinker呤,女,江苏 南京
2645295063,中二病哲人君,女,广东
5717628837,生与气空,男,江苏
1673037974,Xxhaokan,女,其他
3898376034,訸小喜,女,海外 斯洛文尼亚
7128818094,唯爱汇源,男,黑龙江
1737196877,_Fa1ry_,女,其他
6019479337,魏秋邻,女,其他
5706751698,摈杂,女,北京 东城区
1271858694,阿宇养的三只小猫咪,男,上海
2042994591,假装我是一朵花,女,湖北 武汉
5958170520,超爱吃橙子啊,女,江西
6324550112,一颗甜桃啵啵冰·,女,其他
1807101064,whateve-mr,男,上海
2737002205,星月上映中,女,北京 朝阳区
5082969689,鲸落-Ocean,女,新疆 塔城
6324550112,一颗甜桃啵啵冰·,女,其他
6389892351,掌上男友,男,其他
6158170944,续白,男,河南
6368180000,滚滚的猪宝宝,女,广东 珠海
1763971800,哥斯拉你说话呀,女,其他
3996171559,内蒙你东哥,男,其他
2023624157,缃缃s,女,其他
6517814028,lulucat6699,女,其他
3607164487,未迢,女,湖南
6472232445,Krystaldarling,女,其他
1757568035,share_执着于伊函,女,浙江 丽水
7465476878,銀河系49887,男,其他
1799832405,续絮缨,女,江苏 扬州
3852446601,龙仔很忙啊,男,黑龙江 哈尔滨
5632347597,暴暴彬彬,男,其他
3391704034,小白_Yolanda,女,海外 日本
7477606108,星痕丶丶丶,男,其他
5534283281,牛肉馅的汤圆,女,湖南
2269759797,内心住着段子手的_文艺小猴子,女,广西 南宁
7295982022,温柔是人间宝藏o,女,海外
2318382973,台湾最奶体育生,男,台湾
3733820095,0小小边0550733946,男,其他
1742206533,我今天必须吃火锅,女,四川 成都
6380522587,北大落说大片,男,其他
5435944021,陈文瀚的瀚,男,浙江 杭州
1893399031,-Xingyu-YoYo,女,四川 成都
7361560854,平淡幸福678,女,其他
7361560854,平淡幸福678,女,其他
7361560854,平淡幸福678,女,其他
1619783477,Miaaa呀,女,北京 西城区
5543505575,一大口冰激淋,女,其他
2177599182,长期停退,男,江苏 南京
3913786838,天啦噜123kx,女,其他
7471254040,我回来啦987,女,四川
5893787552,柚子呀66,女,山东 淄博
2566418010,吃猴面包树叶的羊,男,福建 厦门
1854756362,erjietou,女,陕西 西安
6316365582,小布画家,女,北京
1877597925,__八九___,男,山东 济南
6366254391,阿锶Sylvia,女,其他
2864631353,徐大清-,女,其他
7457752384,彩色爱情片,男,上海
1878589174,春春春哩,女,江苏 南京
2692460254,這裡是小圓臉,女,广东 广州
2663203362,瘦到九十斤再改昵称,女,广东 广州
3613633642,著名男麻花,男,贵州 贵阳
2657380554,玥_Popeye,女,其他
3975901071,薄荷·蓝,女,其他
7506241283,伊伊而已,女,其他
2169846751,心J一,女,重庆 江北区
1651590652,MissMissMiss_艺,女,江苏
6054852999,小文童鞋哟,男,广东 广州
5680604111,伟大的英特纳雄耐尔,女,浙江
3309213464,折断的樱桃梗儿,女,海外 日本
2695300127,丫青衣谣,女,香港 其他
2009563415,凉山雪月梨花落,女,其他
6092297500,南粉樱花,女,四川 凉山
7101312175,听荷之夏,女,广东
1770380601,YI大大二大大,女,其他
1874559703,8行行摄摄8,男,广东 深圳
5598141546,Evillllllllllllllllllllll,男,北京 东城区
5800230499,西兰Kelly,男,上海 闵行区
7397053020,Roadster34012,男,广东 深圳
2729869320,冬天没有暖气嘤嘤嘤,女,福建 泉州
1939060341,十八线过气小顽主,男,海外
7517085569,欢迎光临123,女,其他
5843679919,王子王子大王子,女,安徽 滁州
5216282520,见我请让我滚去看书,女,河南 郑州
2713178751,素颜Sally,女,辽宁 大连
5972087988,霜序之拾捌,男,其他
3888745526,swag大哈哈,女,湖南 长沙
2784067533,退休大虾,男,浙江 台州
1881527075,葬在风中的蝴蝶,男,海外 其他
6155498044,与这个世界逆行,女,宁夏
1654378050,My_Appreciation,男,浙江 宁波
1036265075,冰儿197211,女,江苏 南京
2397251367,子不鱼子不语,男,广东
5382976554,一只倪两只倪小小倪,女,其他
1793593461,CHENJINGJING96,女,浙江
5511947121,金色的果汁,女,海外 其他
5315986313,子文的小蘑菇,女,湖北 武汉
6531153146,23龙炎鑫78,男,其他
2105982944,金芭比的金韩彬,女,北京 石景山区
5511842639,红尘流年jyl,男,其他
2875452842,五分钟后go,女,山东
6352519912,篮球我想打教练w,男,山东
1883870614,Barbie_k,女,重庆 渝中区
5247581473,橙子成呀cc,女,江苏 无锡
6495885820,神经交叉,女,其他
5751028774,liuiuyl,女,四川
7546489717,没有,男,其他
7608403605,飞啊飞啊飞起来了,女,浙江
5543543175,温柔的河松,男,河北
5598944692,布达拉特皮,男,山东 临沂
1278557062,三只小灯与神猪,女,上海
7374174656,菠萝味的宋村村,女,北京 昌平区
6031659434,策骑往东zzz,女,北京
2100045203,幸福的猫咪l,女,其他
6056558455,雄赳赳气昂昂GG,女,广东
7350039668,杨瓜丝,男,其他
2296163877,花开自在岁月静好,男,山东
2473761167,大娟子juanjuan,女,北京 房山区
2113558985,许光憨,男,福建
6436185571,废土黄昏,男,广东 韶关
2149092097,Tarnival,男,北京 海淀区
6301471569,桐月焱,女,上海
6331425265,热衷于思考生活的大智哥,男,北京 海淀区
5630319183,Afriny929,女,辽宁 大连
5671740352,我的心情我做主Yu1997,女,江苏 苏州
5852521501,咕咕咕的小个子,女,河北
2889326911,磨人的小静,女,广东 肇庆
5775947133,baby-hei,女,海外
7388240342,nmhtttd,男,其他
1616728495,todomesalebien,男,其他
2546559524,YCIYCIYCI,女,广东
5527457466,天蝎宝宝巨蟹妈妈,女,江苏 无锡
2912361075,MYIkey,女,浙江 杭州
1769143157,萬元元元元元元,女,海外
6355159630,古德拉克叻,女,其他
2139522062,年少不渡,男,海外
6250673531,一串数字是水军的标配,男,其他
5754031340,是乃淇琳捏,男,上海
2252026343,wenwenwuni-,女,其他
5290703560,芋阿阮,女,湖南 长沙
7553408788,露露啊202109,女,山东
5482435681,我竟然找不到一个合适的昵称,女,江苏
1806496864,养阳痒,女,广东 广州
5558823371,小鬼嚼豆子,女,其他
5625539709,奶糖纯,男,其他
5363492054,moliyanyan,女,山东 济南
6088481311,炒饭再加个蛋,男,江苏 苏州
1784616835,地星体验官,女,海外 澳大利亚
5312237322,很久以后的某一天,女,浙江 杭州
2160625421,洋carol,女,其他
7327750712,通通妈妈要温柔,男,上海 黄浦区
2693477463,俸俸伲购美病,男,河南 郑州
1927527200,ZZANG愛心菠蘿MEET競,女,广东 深圳
1298619861,也森2008,女,河北 保定
2869552394,三_嘿皮,男,其他
1163718647,简称阿林,男,吉林 延边朝鲜族自治州
2134477031,孙亮不是狗13,男,其他
5592448110,奇妙少女xxx_,女,广东 广州
1761385670,大神kiki,女,上海 浦东新区
2843192051,GY谷杨朦着眼睛,男,安徽 滁州
5723383289,可爱小核弹,女,其他
3054525661,白鲨皮,女,山东
5375944269,刘小源爱吃马卡龙,女,广东 广州
7458221714,茄汁呆桃,女,山东
3210312304,洛大大大米,女,四川 成都
5390798605,ue来自火星,女,黑龙江 大庆
5833607394,爱吃肉的鬼鬼伢,女,广东 深圳
2659762041,手术刀SEVEN,男,其他
6194256521,我厂第一打野,男,其他
5504090475,cailelelele,男,其他
3297715121,傻到飞起的吴半仙,女,海外 其他
5086968024,徐徐徐ttt,女,贵州 贵阳
2813257832,比我对你更好的人,女,湖南 长沙
1255049845,平平无奇怼人小天才2021,女,江苏
2803805144,AreYouKiddingMe--,女,山东
6424852842,我要去找月亮了--,女,海外
6424852842,我要去找月亮了--,女,海外
3976992496,li0641hang,男,其他
2030595395,LQFC888888,女,上海 嘉定区
6021017395,西蒙红脸喵,女,其他
6197375583,曼Max,女,其他
5587132278,SmileTok,男,新疆 乌鲁木齐
3554701403,大雄Knight_,男,其他
2922626115,MerMer-,男,四川
1505465450,每天成长快乐乐乐乐,男,云南 昆明
6580435277,jennieeye,女,其他
1867474810,hakuka可,女,江苏 南京
1867474810,hakuka可,女,江苏 南京
7400132517,放走布丁狗,男,其他
6724455613,我心情极度复杂,女,广东 深圳
3218434732,禾i火,女,广东 广州
6072049294,吾家有玺呀,女,河南 商丘
1750405251,丁小奔儿,女,河南 郑州
6473376266,该用户太酷无法显示,女,新疆
1803550117,福尔摩明明,男,北京 海淀区
2160202230,A双儿A,女,河北 保定
1618637593,怡然有宁,女,安徽
1888084374,空空妙也,女,其他
1959785645,T_甜儿aya,女,其他
5786378923,安藤一川,女,其他
6170400230,刘小川川川川,男,海外
1844810052,maby-,女,广东 深圳
5326750151,娃娃机很酷,女,江苏
2471767985,妖刀倾城,女,北京
5605068713,EHTFU小初,女,其他
5198471864,追星续命专用,女,北京
7379053044,终于知道怎么改昵称了1,男,其他
3144297282,serena595,女,河南 洛阳
2073373721,Lili-阿莉莉,女,河北 石家庄
5250076935,姐姐是个小疯子,女,吉林 四平
5656340163,YUNNAN-,女,四川 成都
2691930371,吴俣瞳SUMMER,女,其他
2082914907,cegos_elise,女,上海 浦东新区
3970718700,陈嘎四,女,其他
6447570692,菩提心的岁月交给峰,女,其他
1801900725,JasmineBiii,女,海外 澳大利亚
1503470542,饼干星星糖Q,女,江苏 扬州
6906929728,大手印52,男,上海
3895668425,葛文峰同学,男,湖北
1795906407,空了个空的,男,山西 吕梁
6610079656,喵喵卡2018,女,广东 广州
5670013006,月露露露露露露露,女,广西 南宁
3148947174,3锅儿的媳妇儿,女,重庆
5108205349,鱼睦鱼吁吁,女,辽宁 大连
5774855482,四季是个快乐的小憨憨,女,江苏
6446139119,L林祁寒,女,湖北
3380654172,人間朝暮集,女,福建 漳州
5326061377,敢敢找心心,女,其他
3380654172,人間朝暮集,女,福建 漳州
5352967054,口合_女未,女,北京
6523001955,理工M的Utopia,女,湖南
2563689057,unamelosa,女,江苏 南京
2002809552,行动派_baby张富贵,女,江西 南昌
7336129081,蝴蝶不自由,女,其他
1798147440,f2yg,女,广东
1880903603,戚_妞妞妞妞妞妞,女,上海 普陀区
1683696901,羊卷毛y,女,北京 海淀区
2088716347,Oops_zyw,女,湖南
6527413277,今天的雯被蚊子咬了吗,女,广东
3035823015,是李怼怼Ya,女,北京 朝阳区
1660177491,Godfrey的女朋友,女,其他
1968560083,魔法貓男孩,女,其他
3125321975,快到萝卜大王碗里来,女,其他
2488354425,更爱红茶,女,上海
1501470627,快乐由自己2009,女,海外
5742203022,-MPWEN-,女,广东
3145587547,KOTEHOIK,女,山东 济宁
5915275578,手里只有旺仔牛奶,女,湖北 武汉
2188434844,俺记住你的脸咯,男,福建
1230672305,馨然笑眯眯,女,黑龙江
6085521147,MyFxou,女,其他
7081689749,沈笔酒酿MIA,男,其他
5262500037,安琪拉烤串来了Yy,女,山西 吕梁
2504492320,1个夏夜晚风的爱,女,海外 意大利
2610095867,夏至TONG未至,女,北京 朝阳区
5439723777,猫耳朵超级好吃,女,浙江 杭州
6182091902,小葉_ymy,女,广东 阳江
5993845807,陆JIAHUI,女,黑龙江
6337864221,每天都想要炸毛的我,女,江西
2417814115,Lizzy-xu,女,福建 厦门
3620018160,LuneCool,女,海外
1962138635,辛未桑,女,重庆 渝中区
5533984772,要开心吖吖吖吖吖吖,女,其他
1538149380,膚尔,女,其他
5028495781,shuai文w,男,安徽 安庆
1557952645,逍遥的2021幸福安康富贵顺心意,女,其他
2032286027,我叫小小小小小小学生,男,其他
2398763465,伏培培super,女,山东 临沂
1580004684,夏天爱吃薄荷糖,女,安徽 黄山
6031919163,能分我一点快乐吗,女,其他
3280360614,Su苏可以Su,女,其他
5028495781,shuai文w,男,安徽 安庆
6317730766,lapis璆琳,女,其他
5152118546,做饭吧我饿了,女,其他
3198757724,十七没有张,女,上海 徐汇区
1571898647,哎哟个喵,女,其他
5197527737,Uuiycw,女,重庆
6086556273,一只原切小饼干,女,北京
2687507173,L兰色小宇宙,女,浙江 杭州
1903182670,LamMomo-,女,上海 浦东新区
2797626722,娇哥要锻炼好身体,女,海外 其他
6473721455,LadyQzz,女,其他
6059327398,璐宝hzh,女,安徽 合肥
7363085952,赞赞每一天daytoy啦啦啦,女,四川
3964313930,CHUNHUILIAO,男,广东 广州
5904599275,希望大家以后天天开心,男,河南 郑州
6607368859,是七楼啊,男,湖北 孝感
2283946491,LMOMOJ,女,山西 临汾
6390510090,臭臭是小蚂蚁,男,江苏 南京
5019372154,当个有钱的美女,女,海外
2050763004,ayaya白馍馍,女,广东 深圳
3129639203,跳蚤是混世小魔王,男,其他
2019620160,门前大乔吓,男,广东 深圳
5493957843,zz今天学习了吗上岸了吗,女,其他
2508821773,陌陌陌菱邪,女,北京 海淀区
6282442729,晓姜鱼717,女,其他
1794538205,Joyce茜茜,女,浙江 杭州
6245084287,小郑要溜,女,其他
1815812835,不太厉害的女侠,女,台湾 台北市
7312950553,装三哥,男,其他
6615728165,灯竹画花花,男,四川
1794624612,张旦紫OP,女,辽宁
1267740642,禁忌爱的困惑,男,湖北 武汉
5849404659,敲你那儿损色儿,男,其他
6134931834,豆果汤,女,其他
6120733536,我是宋大宝的小号,男,江苏
1688517747,猫-猫-咪丫,女,北京 海淀区
6986597504,迷你份奶油蘑菇面,女,其他
3522823151,酥茄牛肉粒,女,海外 澳大利亚
2787938381,噜噜llf,女,其他
3147074160,Jasmine_cxm,女,福建 福州
3025738940,野人之芹,男,山西 太原
2750942015,Yvonita,女,湖北 武汉
6331586773,叫我帅勿念,男,北京 海淀区
5627870039,瑕光入袖,女,四川
5837244035,YIII·F,女,其他
6004716261,月亮知道我爱他,女,其他
5579256507,碧缇福小莹子,女,湖南
1735035423,随心语娱,男,广东
5371907247,sun超人公公,女,其他
5519721187,专咬薛定谔的猫,女,其他
2443364243,Z小姐懒呆萌,女,浙江 杭州
5249170836,数的羊都丢了的羊,女,湖北
1951618525,Layla_萌,女,湖北 武汉
6964583598,大fake00,男,上海
5276897758,雨打雨花,女,江西 抚州
7499959290,会飞的猫Tommy,男,其他
2925719911,王王大可77,女,四川 成都
2956484777,九亿少男嘚梦,女,安徽 淮南
5070060560,_清一色呀,女,广东 珠海
5848437600,jiiia-z,女,其他
1766710640,H-y-lannnnnnn,女,四川 成都
2532498102,小白阳咩咩,女,福建 厦门
5769884191,Linda202188,女,广东 东莞
2618843013,弟弟超凶的,女,辽宁
1739777507,奋斗怪青年,女,北京 朝阳区
2663136475,1945年9月3日,女,其他
1778412893,JANELEVENYES,女,广东
1368899204,彦钧89,女,江苏 苏州
3215743503,妹抖喵,女,海外 俄罗斯
2601588527,Rabbit331,女,山东 临沂
5974157147,yy-旺仔牛奶,女,浙江 杭州
6012805700,Oo黛西,女,四川
5272570203,你香还是我香,女,湖南
6284958567,渣浪88,女,澳门
5836550438,宽哥142,女,湖北 荆州
5238833133,Miss_黑糖小姐,女,江西 萍乡
3824518712,CheeseBar9,女,山东 烟台
3175599517,没有什么能阻拦我热爱世界和平,女,吉林 吉林
1760514094,Basilosaurusss,男,上海 徐汇区
2554139625,Suuul-,女,河南 郑州
3001858077,BJTbiubiubiu,女,山东 威海
1862385305,蘑菇下的精灵马甲,女,北京 昌平区
3022121525,翘着二郎腿的喵dell,女,江苏
5668195311,开心市民_D,女,河南
5647169683,姜餅人壹號,女,安徽
6178464560,Instead-chen,女,其他
1656781905,克莱米亚,女,其他
7305195776,所有网名都不能用,女,重庆 巴南区
3927536021,阿升酱sunny,女,其他
6892799508,粥不理,女,浙江
2050492354,阿齐哟呵喂,女,福建
2990659382,paradox兰,男,安徽
5684864018,周五iii-,女,其他
6556815732,叫An总,男,江苏 盐城
1100940602,McysYh,女,其他
5587107443,一个奋斗的九零后中年小伙yes,男,山东 潍坊
3256090490,Berlinnnnnnnn,男,北京 东城区
1908295043,来一份炒年糕-,女,北京 朝阳区
6453369283,LIUCYUN,女,其他
3929715340,赵霜枫,男,北京
1409491525,蒹葭苍苍SCU,男,浙江 杭州
5541173783,--W姑娘呀,女,山东 济南
2790876234,ItsNicoleNicole,女,山东 济南
1867023473,ailmno,女,山东
7380694066,磕CP的我最美,女,其他
6571594942,银河书局大熊_,女,其他
6164881616,重要的人不能忘记的人你的名字,男,海外
1656250181,桐三树,男,其他
3284134770,黑妮er,女,辽宁 锦州
5571491517,6hy_66,女,海外
2498308420,交个朋友躺会,男,广东
6366232416,一个不爱学习的仙贝,女,河北
7270000495,芝士味的仙貝w,女,湖南
5643791046,CHURbuffy,女,其他
2299496845,DA猫99,女,吉林 长春
2651955902,宇宙无敌糖超人,女,浙江 杭州
5591877645,给小尚来盘宫保鸡丁,女,天津
5252553545,小杨同学拥抱太阳,女,山东
1750163835,风吹屁屁凉阿嚏,男,北京 海淀区
5675130849,YRCCCCCCC,女,山东 青岛
2021790805,DD_929,女,广东 东莞
1496637112,屈兮兮一,女,四川 成都
6325160303,MH小慧儿啊,女,山东 济宁
1782755790,惊蛰的福萝北,女,内蒙古 包头
5752435303,Mandy很热爱生活,女,重庆
2775169695,一颗大鸭梨Leah,女,海外 英国
3592292641,帅气的本心,男,山东
2242619534,蔚蓝的蒲公英a,女,四川 成都
3754901532,还是好名字吧,女,浙江 湖州
5528525670,超级无敌幸运的v,女,浙江 温州
6752830235,是一一斤呀,女,浙江 宁波
7366942917,萌面小酥,女,重庆
5870011332,在世界角落游荡,女,其他
1866315123,小奋很紧张,女,重庆
5388991136,梦中的狐狸呀,女,河南
3897518619,峰是蜜蜂的疯,男,江苏 苏州
5495978342,孤傲的拯救者,女,吉林
5286926057,少年侦探团的幕后大boss,女,澳门 其他
5672507224,李七七同学丶,女,吉林 长春
6322537943,大妍快跑_,女,其他
3286561322,一只丧丧的松子酱,女,江苏 南京
1801811490,也许只是太阳恰好落山了而已,女,海外 英国
2304817995,reggae-boy,男,浙江
6662682313,打工艺术家,女,湖南
5893447934,WY19970420,女,其他
2271787625,一只很懒的喵啊,女,江西 赣州
3356128142,超爱听相声的小星星bling,女,湖北 武汉
3163438690,河岸刺猬,女,其他
2655390653,威尼斯少女的祈祷,女,海外 其他
2207963860,名字被取完了阿,女,其他
7609690598,雅雅手绘头像,女,山东
5527378900,我家smilever,女,其他
7511574500,有关芒果的芝士,女,黑龙江 哈尔滨
1703636020,se7en_Crystal,女,天津 红桥区
5253529517,圆形小饼干l,女,河北 张家口
2794418760,Rogeral,女,黑龙江
5586420163,小朋友今年没有问号,女,北京
5705163104,舜贻,女,海外 爱尔兰
3760422025,ZingUpOu,女,其他
6545636827,我是小小宋同学,女,其他
1446638770,R_MR77,女,其他
7561373654,湫兮如枫林晚,男,重庆
1189508840,崔小美2010,女,辽宁 沈阳
5314676020,肥肉圆滚滚滚滚,女,其他
3181125574,风口里的兔子,男,山东 济南
3760422025,ZingUpOu,女,其他
3821749336,潇潇连君,女,四川 内江
3354712190,zghjypp,女,新疆 乌鲁木齐
3760422025,ZingUpOu,女,其他
3270182892,天然卷都有直发梦,女,云南
1936906271,怪-彤彤,女,广东 揭阳
2460243560,大魚拾光,女,北京 西城区
5708817319,一颗芒果味小熊软糖,女,浙江 舟山
5616850785,懒懒珠6,男,其他
5170188533,白开水9530,女,浙江 丽水
1500907543,殷俊娴,女,上海 普陀区
5229932106,入梦驰放-L,女,山东
6115073293,嗯是蛋蛋,女,江西
7575114506,通通转播,男,其他
1605406887,放羊女孩2010,女,四川
1644231795,狮子座_ViVi,女,其他
3166916564,My-bjyx-6002,女,重庆 万州区
3216637412,绝世欧皇也是辣妹富婆,女,海外
5325037857,倩吖朱的阿大倩,女,上海
5496594815,早市杀鱼yu,女,其他
5778968410,姐妹你怕绿,女,其他
6615904051,游游爱吃西瓜,女,黑龙江
1631972463,橙子在夏天奇遇记,女,其他
5109888446,阿鹿睡醒了LH7,女,广东 东莞
2262613735,爱的迪生,女,其他
6592346435,Rhythm-After-Summer,男,其他
6256447923,叫淋被,男,其他
2014193631,北派--榆木,女,吉林 长春
2239909131,EXPP,男,浙江 温州
5737456226,古娜拉叽里呱啦,女,海外 美国
2325987474,脸圆肉肉,女,山东 济南
1998226250,许二二一点也不二,女,广东
6537532389,KAU_YU,女,湖南 衡阳
5744382184,烵烵是小猫咪,女,湖北 武汉
5303157647,歌90,女,其他
1708470997,玉米麦芽,女,其他
1862896090,俊俊Kor,男,广东
2170749472,WWJ1717117,女,湖北 武汉
2887494067,请叫我机智旭Cx,女,重庆 沙坪坝区
6323212737,李憨憨的小马同学,女,河北
2509137475,Lenny里里,男,辽宁
7345793608,淘宝名古力娜扎,女,江苏
1904347751,muoutc,女,其他
3201913075,佐佐真可爱,男,广西 桂林
6498096705,我和小米贴贴,女,广东 广州
2883608295,青山小朋友天天开心,女,四川 成都
5219996468,婵儿你太美,女,安徽
5556004994,十块一毛八,女,其他
6719224094,jimimi_13,女,海外
5722418603,你把尸体藏在哪了,女,其他
6443375486,早睡hh早起,女,河北
5657364062,高飞1118,男,北京
6033298448,uo是懒王,女,四川
2047181565,爱我杀人不眨眼,女,其他
2643886245,觉少,女,其他
2432293492,非典型x姐,女,其他
5872048470,Fahaxiki喔,女,其他
1800239390,Zinnner,女,山东 济南
1097057433,利比里亚女郎,女,四川
5351280889,Jiao大飞,男,内蒙古
5582987473,你吃太多了吧,男,上海 浦东新区
1947803094,相对冷静,男,四川 成都
5366044935,不是GD是GC,女,云南
2037623997,枕戈飞藻,女,广东 深圳
1855978192,种花家的疯兔子,女,陕西 西安
5141488032,鹭沐_,女,海外 爱尔兰
7516530983,你是你我是我我们不是我们,男,其他
7516530983,你是你我是我我们不是我们,男,其他
2740062704,小黄淘20141016,女,江苏 南通
2462762705,我若为王封你为后,男,河南 郑州
1865150655,仙境公主,女,上海 闸北区
2416379221,赖赖是聪哥,女,广东 东莞
6301463249,意意意意意zhi,女,其他
2208678430,蔯一天,男,浙江 温州
7516530983,你是你我是我我们不是我们,男,其他
2092871561,大脸猫的故事z,女,新疆 博尔塔拉
5495846761,谈笑造事实,男,海外 斯洛文尼亚
3710905082,绵绵想瘦,女,湖北 宜昌
2449377430,守候-只为等你,男,海外
6865320972,仓鼠的小馋猫,女,江苏 南京
5719689400,云儿知,女,江苏 苏州
1863524483,想悠然,女,辽宁 沈阳
5591165077,该昵称没有被占用哈哈,男,湖北 武汉
5648579222,白黯淡了,女,海外
6596687496,snow鹿眸,女,山东
1834612420,爱普溪,女,浙江 杭州
6120235359,Fan妮儿_,女,其他
2637507841,L豆豆Q,女,四川 德阳
6800995135,李勿忧,男,其他
5025140560,吃可爱多长大的胖泽,女,其他
5505667562,可乐不喝可乐_,女,福建 泉州
2644569652,手揣兜兜er,女,上海
5253546738,-zHuLu,女,陕西 西安
1666211645,然而32,男,浙江 宁波
6134361675,我乐意Ya_,女,浙江 杭州
2775502670,星月不及眸内海,女,其他
5899957028,就吃一碗碗饭,女,其他
5955500385,是谁的笑笑丫头,女,湖南
3228736132,等等我就给你一拳,女,广东 珠海
1792922802,-DenYtin,女,湖南 长沙
1934923783,小Q然宝,女,辽宁 沈阳
6066312225,盐水风黎,女,山东 济南
6353344848,代官西山,女,湖南 长沙
6310015348,小鱼在努力嘿嘿,女,其他
6227101241,捕猪户,男,广东
3743983865,Taynew_polca,女,吉林 长春
5897722039,弥彰-smily,女,湖北
3888013405,天生风流中来,男,上海 青浦区
3905663936,MISS12080,女,河南 濮阳
5323891191,Da胆叼民敢害朕,女,天津
5678105791,飞咪66,女,云南 昆明
2249621494,V你踩到我的尾巴了V,女,陕西 西安
5640201926,妄想症一号患者,女,浙江 杭州
1710546303,selmen温忆兒,男,广东 广州
5640201926,妄想症一号患者,女,浙江 杭州
2254128310,琪琪怪怪的呀ZXHQ,女,广东 深圳
6350022869,彼·得潘与辛德瑞拉,女,河北
6425205089,齐天大圣Ann,女,江苏
6008459095,是牛牛香,女,四川
7361294275,Luckly_Chen_4978,女,辽宁
3198357942,棉花糖飞不起来,女,浙江 宁波
3870843562,春中廿三,女,其他
3921598806,我在和猫说话阿,女,辽宁
2941875003,陈宝宝III,女,海南 海口
5516270792,徐新宇er,男,广东 广州
5609804385,多乐飞儿,女,香港 中西区
5385552310,白白浅灰60087,男,其他
7212864149,JJLeong92,女,广东
6290165284,灵魂本幽默,男,北京
1639845625,bubbleyokki,女,其他
6460645835,发誓要早睡早起的小魏,男,辽宁 盘锦
7070635452,毛利小三郎哈,女,其他
6182565148,奇变偶不变qyl,男,安徽
7486431071,Just·Go,男,河北 承德
2389089102,想当读书人的小J,女,广东 深圳
2232062761,么一嗷嗷嗷,女,天津 河西区
2668826041,妙裙,女,其他
5689968049,我不是莉莉安LLAn,女,河北
5612221164,spinloop,女,其他
5061940169,江清月近人灬,男,广西 贺州
2143193627,欧尼乆乆,女,辽宁 大连
6326903022,徐十三Q,男,吉林 长春
6440129088,_GaoBo_,女,辽宁
5650658576,遵纪守法的无辜变態,女,河北
5353872073,赵大地R,女,北京
3561013204,每天一杯奶茶的大飞妹妹,女,浙江
5622943553,小贾同学的朋友圈,女,其他
5599711194,不然来点可爱吧,女,江苏
7586846029,会听话的对吗,男,其他
7347935185,漫长的白日梦___,男,浙江
5384628528,春深半夏好好生活,女,安徽
5853678277,0416星球的安歌,女,河北
5172810112,覃言覃语,女,广西
5542559211,没有,男,其他
1590575622,你家的新爸爸,女,江苏 南京
1923735007,李言Kyledude,男,河南 郑州
5874563348,我身上带着光i,男,重庆
5791289556,六元是个歌唱家,女,其他
5484488994,橘子羊乐多_,女,其他
5445823223,s香草美人s,女,辽宁
5540575406,壁咚的狗狗,男,其他
3869454385,麗子不语,女,其他
1927787195,果毅力行丹,女,陕西 西安
6315925665,20XX_PLK,女,其他
2836767323,丫D丫hah,女,广西 河池
2445065955,朵朵是只小金牛,女,山东 济南
2203077607,靛蓝小孩RachelY,女,四川 成都
6655009777,万里挑一的小仙女201808,女,广西
6003981796,Mulinoke,女,广东 广州
6208508836,杨杨宝宝1,女,广东 广州
2360212903,小丸子每天要好好生活,女,江苏
3064698621,QuentinVZ,男,山东 济南
1512839240,思敏Perth,女,广东 广州
6937717830,就叫我阿廖纱吧,男,上海 虹口区
5459509384,我爱豆是我的人生导师,女,吉林
1771939565,小思求转运,女,上海 闵行区
7311103567,郁青v5,男,北京
3185750301,跳跳咪酱宝贝,女,其他
3535103123,躲不过悲欢离合,男,其他
5979104223,昰小王吖,女,甘肃 兰州
1627543432,gt-Ariel,女,海外 英国
2276193941,路航你压到我头发了,女,湖北
2452397912,劳拉的小小星,女,重庆
5736690797,azureAzula,女,其他
1967646667,爱生活的芸姐,女,重庆
6178874095,天才子,男,山东
1907923787,我觉得我还是叫戴戴好了,女,其他
5675230220,酒畅开怀,女,广东 惠州
3292005501,-YANGWYAN,女,四川 成都
2052809890,Lynn家铺子,男,广东
2786755242,在考试的路上跑的好变态的神经质,男,湖南 衡阳
6589998041,楠子在英国,女,海外
2083257407,九水水or李海水,女,其他
3077893903,solo_to_,女,其他
5143360130,碎碎念的小王吖-,女,吉林 长春
1859014975,小麻哒-Flora,女,海外 澳大利亚
1973138385,Karen薄荷-,女,北京 海淀区
1876093607,一五吴5,女,浙江 温州
6519671216,是何坤大大,男,其他
1961614917,爱谁谁SO,男,重庆 酉阳土家族苗族自治县
7400622503,a-peony,女,其他
2265842727,Aggie_江雪,女,北京 海淀区
5328856874,cba魔198311,男,广西 南宁
5868033651,-柳叶儿遮满天-,女,北京 朝阳区
1206156942,谷射虎,女,海外
6086405835,没事别找事遇事别怕事,女,江苏 无锡
6327062950,栩栩Es,女,江苏 南京
1868267423,打工人一定要勇敢,女,辽宁
1883239541,CheeseLand,女,广东 广州
6160962174,小张加油搞科研,男,河南
5242000922,杜芳辉要变白,女,四川
1732210375,楠_deng,女,海外 澳大利亚
5973497172,1018噢Z,女,广东 深圳
1909186457,-Yannis_Ti,男,海外 其他
2817360012,水丁木木-,男,北京
5631228312,我与世间同有你,男,天津
5459979497,逃離地球ouo,女,海外
1861163894,Libra_LLer,女,海外
3142231205,Kris_kki,女,陕西 西安
1508036242,我是猴子猴子猴子请来的救兵,女,天津 西青区
1779972983,Mako丶kop7,男,海外
5715380567,熄灯就睡觉00,女,其他
3544219967,s98125,女,江苏 南京
1104248211,Danie_In,女,湖北
6854033310,家大业大的爱,女,其他
6513197778,萨拉拉s,男,其他
5966665492,南国不南国,女,湖南 怀化
1850715601,用慢的心看快的世界,女,其他
2950687925,于是成了白龙马,女,广东
2867481464,西溪彭昱畅,男,浙江
1104248211,Danie_In,女,湖北
5176905221,我爱你不知如何爱何时爱打哪爱呀,女,山东 济南
7407560791,池柒鴎汀,女,上海 嘉定区
2904753263,懒懒小学生,女,其他
5468725419,悦子嘉BB,女,北京
2256634703,bobo-杰,男,广东 广州
1850715601,用慢的心看快的世界,女,其他
6087690870,NNuii,女,其他
6594057894,闻迪依旧28,男,广东
7014345644,七昂2020,男,其他
2942863231,AKABigDream,女,浙江 台州
5122803012,我不要做被时间控制的木偶,女,湖北 宜昌
5527139518,想不到好听的昵称那就这样了,女,其他
5596707389,小淘气北鼻,男,江苏
5646950345,毒药很厉害,女,吉林
3498335034,海风也无眠,男,北京
1916226912,雨晴雪飘玫瑰花灵,女,澳门 其他
2934805701,豆芽很香菜,女,山东 烟台
5484488994,橘子羊乐多_,女,其他
6523001955,理工M的Utopia,女,湖南
2833243233,Hi_娟丫頭,女,江苏
6452637981,PiiBaHodxm,女,其他
2885396640,喵喵大仙儿,女,四川 成都
2879178932,试酒-W,男,湖北 武汉
2796643743,思若殇,女,吉林 长春
7458740264,诞于月亮勾,女,广东 广州
2655651170,会省钱的哈士奇,女,广西
2809635047,GOGO-鑫,男,浙江 嘉兴
2366384843,哎呦我的吗呀,女,吉林
5713348923,白桃冰了以后再喝汽水O_o,女,其他
2308901733,寒衣流年,女,四川 南充
2594668661,Q小可爱姓樊Q,女,其他
2661024073,20-21你好呀,女,其他
3952355950,东台刘亦菲,女,江苏
1809268602,周泽楷在职新娘,女,其他
6579931386,南瓜南瓜小朋友,女,其他
3861500055,冲绳流浪猫pp,女,四川
1775850547,JYUUUUUUex,女,其他
3036727007,鱼抓虾,女,广东 广州
1954551757,夏姐姐XD,女,陕西 西安
1844574442,我个名有咩唔好,男,其他
2390299240,眼睛小的眯成一条缝,女,浙江 绍兴
2805129034,皮皮虾我们走我们走皮皮虾,女,山东
2360707063,董_Dong_dong,女,黑龙江 伊春
6330745217,今天也要吃雪糕_,女,其他
6006463947,睡不醒的焦焦,女,安徽
3441877804,睡醒才觉甚爱你,女,四川 成都
5496686408,Q咪是芒果味儿,女,北京
2952974410,蹦沙卡拉卡其力咔嚓,女,辽宁
6264779364,暮念君安,女,北京
6576166765,或许是一只修仙小熊,女,其他
5850681432,每天都要按时睡觉,女,湖北
2835202683,吾爱播音,女,湖南 永州
3204641583,宁古耐,女,海外 澳大利亚
5678874079,笑熬浆糊970,女,北京
1371923044,朵妹上学记,女,江西 赣州
5384949824,我是透明帝,女,北京 朝阳区
1783961437,琳姐-,女,广东
7320413673,用户不爱改名,女,安徽
3702821071,你别麻烦别人了,女,浙江 杭州
7616620445,根正苗红打工人,男,浙江
1974673917,千万不能胖啊,女,广东 深圳
1772322267,Colin_9,男,吉林
3536831484,自由的爱慕者,女,广西 柳州
5913609222,WKyung-,男,其他
7265828953,爱喝旺仔的佩洁,女,江苏
6997123675,直尺派,男,其他
5662449734,小雨不是雷阵雨,女,上海 宝山区
6132460864,旺仔牛奶糖疙瘩,男,其他
6059472194,Tortorland,女,四川
3537852775,要疯了007,男,其他
2263912377,丶哎哟喂呀-,女,四川 凉山
3708314960,新年快什么,女,其他
1653746674,我是一颗菠萝精,女,上海
5681499114,Dou_在人间摸鱼,女,海外 卢森堡
3807710936,北方星辰1231,男,黑龙江 齐齐哈尔
3657763383,执着却也迷途,男,四川 绵阳
3512577375,海水不要浪,男,浙江 杭州
2390178815,HS_努力努力再努力,女,北京
2324388143,Owen-tao,男,上海
6471221731,Pluto和他的Charon,女,海外
2730947703,褐鳍,女,山东 青岛
1772160962,X熊熊熊X,女,湖北 武汉
6044653549,西遇尘ing,男,其他
5676966323,Hohohhoo-,女,辽宁
1862603347,做自己的_小太阳,女,湖北 武汉
2208569864,哆啦A梦-CFA英短猫舍深圳惠州,女,广东
6983811052,刘宇宁你吃了没,女,其他
5676966323,Hohohhoo-,女,辽宁
1878022792,吱吱肉圆,女,海外
2210942457,-外外,女,河南
5748328624,好想有点甜,女,海外
2154193550,王_多鱼yu,女,上海 嘉定区
6192614033,几个梅吉,女,海外
5844177903,凌之玲珑,男,河南 商丘
5192670309,刘槑槑2,女,山东 潍坊
5230485961,班崽的崽,女,安徽 合肥
2674989030,啷里个啷啷balabala,女,湖北 十堰
6335330985,Grou_Lili,男,其他
